"0",""
"0","for (i in 1:length(formulas)) {"
"0",""
"0","model = brm(formulas[i],"
"0",""
"0","      data= acor  %>% droplevels(),"
"0","      prior = c(prior(normal(0, 10), class = Intercept),"
"0","                prior(normal(1, 2), class = b),"
"0","                prior(cauchy(0, 2), class = sd)),"
"0","      iter = 5000, warmup = 2000, chains = 4, cores = 4, thin = 5,"
"0","      seed = 13, sample_prior = 'yes',"
"0","          family = gaussian, control = list(adapt_delta = 0.99))"
"0","      "
"0","      "
"0",""
"0","     saveRDS("
"0","  model, "
"0","  file = here::here(""Data"", paste0(""Acor_model_"", i, "".RDS""))"
"0",")"
"0",""
"0","}"
"2","Compiling Stan program...
"
"2","Start sampling
"
"2","Warning: There were 65 transitions after warmup that exceeded the maximum treedepth. Increase max_treedepth above 10. See
https://mc-stan.org/misc/warnings.html#maximum-treedepth-exceeded"
"2","Warning: Examine the pairs() plot to diagnose sampling problems
"
"2","Compiling Stan program...
"
"2","Start sampling
"
"2","Warning: There were 1987 transitions after warmup that exceeded the maximum treedepth. Increase max_treedepth above 10. See
https://mc-stan.org/misc/warnings.html#maximum-treedepth-exceeded"
"2","Warning: Examine the pairs() plot to diagnose sampling problems
"
"2","Compiling Stan program...
"
"2","Start sampling
"
"2","Warning: There were 966 transitions after warmup that exceeded the maximum treedepth. Increase max_treedepth above 10. See
https://mc-stan.org/misc/warnings.html#maximum-treedepth-exceeded"
"2","Warning: Examine the pairs() plot to diagnose sampling problems
"
"2","Compiling Stan program...
"
"2","Start sampling
"
"2","Compiling Stan program...
"
"2","Start sampling
"
"2","Compiling Stan program...
"
"2","Start sampling
"
