"0",""
"0","growthplottabularnatural <- growth %>% "
"0","  filter(Species == ""Acropora tabular"") %>%"
"0","  ggplot(aes(y = exp(emmean), x = exp(log21), colour = temp_mean)) +"
"0","  geom_ribbon(aes(ymin=exp(lower.HPD), ymax=exp(upper.HPD), fill=temp_mean), alpha = 0.3, colour = NA) + "
"0","  geom_line() +"
"0","  theme_classic() + "
"0","  scale_colour_manual(values = colours_tab) + "
"0","  scale_fill_manual(values = colours_tab) + "
"0","  ylab(bquote(""size at time t ""[1])) + "
"0","  xlab(bquote(""size at time t ""[0])) + "
"0","  ggplot2::geom_abline(intercept = 0, slope = 1)+ "
"0","  coord_cartesian(xlim = c(0,20000), ylim = c(0,20000))"
"0",""
"0","growthplottabularnatural"
