"0",""
"0","insert_natural <- growth %>% filter(Species == ""Acropora tabular"") %>%"
"0","  ggplot(aes(y = exp(emmean), x = exp(log21), colour = temp_mean)) +"
"0"," geom_ribbon(aes(ymin=exp(lower.HPD),ymax=exp(upper.HPD), fill=temp_mean), alpha = 0.3, colour = NA) + "
"0","  geom_line() + theme_classic() + scale_colour_manual(values = colours_tab) + scale_fill_manual(values = colours_tab) + ylab(bquote(""size at time t ""[1])) + xlab (bquote(""size at time t""[0])) + ggplot2::geom_abline(intercept = 0, slope=1) + coord_cartesian(xlim = c(0,10000), ylim = c(0,10000))"
"0",""
"0","insert_natural"
