"0",""
"0","atab <-alldata %>% filter(Species ==""Atab"") %>% filter (Area_2021 >20) "
"0","  "
"0","newdata <- with(atab, list(log21 = seq(min(log21), max(log21), length=28),"
"0","                           temp_mean = seq(min(25), max(28.5), length=2),"
"0","                              Species = factor(unique(Species))))"
"0",""
"0","growth <- emmeans(atabopt, ~log21|temp_mean, at = newdata) %>%"
"0","  as.data.frame() %>% mutate(Species = ""Acropora tabular"") %>% mutate(temp_mean=factor(temp_mean))"
"0",""
"0","colours_tab <- c(""blue4"", ""gold"")"
"0",""
"0","growthplottabular <-"
"0","  ggplot(data = growth, aes(y = emmean, x = log21, colour=temp_mean)) +"
"0","  geom_ribbon(stat = ""identity"", aes(ymin=lower.HPD,ymax=upper.HPD, fill=temp_mean), alpha = 0.3, colour = NA) + "
"0","  geom_line(stat=""identity"") + "
"0","  theme_classic() +"
"0","  ylab(bquote(""log size at time t ""[1])) + "
"0","  scale_colour_manual(values = colours_tab) + "
"0","  scale_fill_manual(values = colours_tab) + "
"0","  xlab (bquote(""log size at time t""[0])) + "
"0","  ggplot2::geom_abline(intercept = 0, slope=1) +"
"0","  coord_cartesian(xlim = c(3,10), ylim = c(3,10))"
"0","growthplottabular"
