{"chunk_definitions":[{"row":96,"row_count":1,"visible":true,"expansion_state":0,"options":{"engine":"r","label":"Load the data","dev":"png"},"document_id":"EF1A85E6","chunk_id":"ctkgchtezw8uw","chunk_label":"Load the data"},{"row":187,"row_count":1,"visible":true,"expansion_state":0,"options":{"engine":"r","label":"manipulate the coral data and set up some other datasets","dev":"png"},"document_id":"EF1A85E6","chunk_id":"czpeaznwd73oi","chunk_label":"manipulate the coral data and set up some other datasets"}],"doc_write_time":1763974116}