"0",""
"0","goniopt <- readRDS(here(""Data"", ""goniopt.RDS""))"
"0","pmasopt <- readRDS(here(""Data"", ""pmasopt.RDS""))"
"0","platopt <- readRDS(here(""Data"", ""platopt.RDS""))"
"0","atabopt <- readRDS(here(""Data"", ""atabopt.RDS""))"
"0","acoropt <- readRDS(here(""Data"", ""acoropt.RDS""))"
"0","amilopt <- readRDS(here(""Data"", ""amilopt.RDS""))"
"0","adgtopt <- readRDS(here(""Data"", ""adgtopt.RDS""))"
"0","spisopt <- readRDS(here(""Data"", ""spisopt.RDS""))"
"0","pociopt <- readRDS(here(""Data"", ""pociopt.RDS""))"
