"0",""
"0","setwd(""D:/OneDrive - James Cook University/AIMS Contract work/Data_and_analysis/"")"
"0",""
"0","#habitat_reclass <- read.csv(""D:/OneDrive - James Cook University/Work (use this folder)/Misc JCU/Chapter 4 - #Fish!/Data/habitat_reclass_21.csv"")"
"0","wave_data <- read.csv(""D:/OneDrive - James Cook University/AIMS Contract work/Data_and_analysis/Environmental variables/EcoRRAP_sites_wave_variables.csv"") %>% filter(Zone != ""F"") # Load wave data and filter out bits we don't need"
"0",""
"0","env_vars <- read.csv((""D:/OneDrive - James Cook University/AIMS Contract work/Data_and_analysis/Environmental variables/eReefs_2122.csv"")) # ereefsdata"
"0",""
"0","#temp_sal <- read.csv(""D:/OneDrive - James Cook University/AIMS Contract work/Data_and_analysis/Environmental variables/eReefs_hydro_EcoRRAP_sites_20230728.csv"") %>% filter(variable == ""temp"", Summary_statistic ==""mean"", Zone!= ""F"") # this is the old data"
"0",""
"0","options(scipen=999) # options(scipen=0) turns scientific notation back on "
"0","metrics <- read.csv(""2022metrics_final.csv"") # Complexity metrics"
"0","#complexity <- read.csv(""Allmetrics_2021.csv"") "
"0",""
"0","metrics <- metrics %>% left_join(wave_data, by = c(""site_code"" = ""Site.code"")) %>% left_join(env_vars, by = c(""site_code"" = ""Full.Code""))"
"0",""
"0","benthiccoverorig <-read.csv(""D:/OneDrive - James Cook University/AIMS Contract work/Data_and_analysis/ReefCloud_BenthicCover_FunctionalGroup.csv"")"
"0",""
"0","benthiccover22 <- benthiccoverorig %>% filter(year == ""2022"")"
"0",""
"0","benthiccover21 <- benthiccoverorig %>% filter(year == ""2021"")"
"0",""
"0",""
"0","# Compute some basic coral demographics - change from t0 to t1 in time."
"0",""
"0","benthiccover <- benthiccover22 %>% left_join(benthiccover21, by = c(""Plot_ID"" = ""Plot_ID"")) %>% select(-c(18:27, 3, 4)) %>%"
"0","  rename(hard_coral_21 = ""hard_coral.y"", "
"0","         other_21 =""other.y"","
"0","         algae_21 = ""algae.y"","
"0","         abiotic_21 = ""abiotic.y"", "
"0","         soft_coral_21 = ""soft_coral.y"","
"0","         sponges_21 = ""sponges.y"", "
"0","         hard_coral_22 = ""hard_coral.x"", "
"0","         other_22 =""other.x"","
"0","         algae_22 = ""algae.x"","
"0","         abiotic_22 = ""abiotic.x"", "
"0","         soft_coral_22 = ""soft_coral.x"","
"0","         sponges_22 = ""sponges.x"") %>%"
"0","  mutate(""change_hardcoral"" = hard_coral_22 - hard_coral_21 ,"
"0","         ""change_other"" = other_22 - other_21,"
"0","         ""change_algae"" = algae_22 - algae_21,"
"0","         ""change_abiotic"" = abiotic_22 - abiotic_21,"
"0","         ""change_soft_coral"" = soft_coral_22 - soft_coral_21,"
"0","         ""change_sponges"" = sponges_22 - sponges_21)"
"0",""
"0","metrics <- metrics %>% left_join (benthiccover, by = c(""Plot_ID"" = ""Plot_ID""))"
"0",""
"0","#coraldata2 <- read.csv(""Plots_combined_03102023.csv"") # Look at the old data for comparison if needed"
"0",""
"0","coraldata <- read.csv(""20231103_All_Joined_cleaned.csv"") %>% dplyr::select(-c(1:5)) %>% # Load coral data and compute relevant metrics. "
"0","  mutate(Plot_ID = factor(Plot_ID),"
"0","         AreaChange = Area_2022 - Area_2021,"
"0","         Area_2021 = Area_2021*10000,"
"0","         Area_2022 = Area_2022*10000, "
"0","         AreaChange = AreaChange*10000, "
"0","         log2021 = log(Area_2021), "
"0","         log2022 = log(Area_2022,), "
"0","         logChange = log2022 - log2021,"
"0","         per_change = (Area_2022-Area_2021)/Area_2021*100) %>% rename(Species = ""Class_2022"",)"
"0"," "
"0",""
"0","coraldata  <- coraldata  %>% left_join(metrics, by=c(""Plot_ID"" = ""Plot_ID"")) %>% # Adds in the mesh and environmental data"
"0","  mutate(cluster = factor(Cluster), "
"0","         reef = factor(Reef.x), "
"0","         shelf_position = factor(Shelf.Position),"
"0","         region = factor(Region),"
"0","         depth = factor(Depth)) "
"2","Warning: Detected an unexpected many-to-many relationship between `x` and `y`."
"0","coraldata <- coraldata %>% select(-c(22:30,169,172:175,201:210, 225:232)) # Cut some dead weight"
"0",""
"0","alldata <- coraldata %>% relocate(c(219:223), .after = ""Plot_ID"") %>% mutate(Orientation=factor(Orientation)) # Put the geographic variables closer to front"
"0",""
"0","alldata$slope_adjusted <- ifelse(grepl(""Rotated"", alldata$Orientation), alldata$Quad.Fitted.Slope + 60, alldata$Quad.Fitted.Slope) # correct slope on rotated plots"
"0",""
"0","alldata <- alldata %>% relocate(""slope_adjusted"", .after = ""Quad.Fitted.Slope"") %>% mutate(habitat = revalue(habitat, c(""Shallow""=""Lagoon"")))"
"0",""
"0",""
"0",""
