{"chunk_definitions":[{"row":28,"row_count":1,"visible":true,"expansion_state":0,"options":{"engine":"r","label":"unnamed-chunk-10","dev":"png"},"document_id":"AE11A253","chunk_id":"clxfk9fxdjz0y","chunk_label":"unnamed-chunk-1"},{"row":83,"row_count":1,"visible":true,"expansion_state":0,"options":{"engine":"r","label":"Filter, clean and subset the data","dev":"png"},"document_id":"AE11A253","chunk_id":"cwfua2dxtmt22","chunk_label":"Filter"},{"row":105,"row_count":1,"visible":true,"expansion_state":0,"options":{"engine":"r","label":"Prepare formulae for loops","dev":"png"},"document_id":"AE11A253","chunk_id":"c5wi9p027ln2k","chunk_label":"Prepare formulae for loops"},{"row":302,"row_count":1,"visible":true,"expansion_state":0,"options":{"engine":"r","label":"run each dataset through loop","dev":"png"},"document_id":"AE11A253","chunk_id":"cby445x5376nt","chunk_label":"run each dataset through loop"},{"row":511,"row_count":1,"visible":true,"expansion_state":0,"options":{"engine":"r","label":"Run the optimal model for all with as much data as possible","dev":"png"},"document_id":"AE11A253","chunk_id":"ceqx2taqr7vfn","chunk_label":"Run the optimal model for all with as much data as possible"},{"row":538,"row_count":1,"visible":true,"expansion_state":0,"options":{"engine":"r","label":"Load Optimal models - skip to here if models selected and saved","dev":"png"},"document_id":"AE11A253","chunk_id":"c9xxf890poncy","chunk_label":"Load Optimal models - skip to here if models selected and saved"},{"row":628,"row_count":1,"visible":true,"expansion_state":0,"options":{"engine":"r","label":"Tabular Acopora plots","dev":"png"},"document_id":"AE11A253","chunk_id":"cj9y1p8zseznk","chunk_label":"Tabular Acopora plots"}],"doc_write_time":1763974117}