"0",""
"0","formulas = c(""log22 ~ log21  + log21:Turbidity_mean  + log21:ubedmean + log21:temp_mean + log21:depth + log21:rugosity + (1|reef/site)"","
"0","             ""log22 ~ log21  + log21:Turbidity_mean  + log21:ubedmean + log21:temp_mean + log21:depth + (1|reef/site)"","
"0","             ""log22 ~ log21  + log21:Turbidity_mean  + log21:ubedmean + log21:temp_mean + log21:rugosity + (1|reef/site)"","
"0","             ""log22 ~ log21  + log21:ubedmean + log21:temp_mean + (1|reef/site)"","
"0","             ""log22 ~ log21  + log21:ubedmean + log21:Turbidity_mean + (1|reef/site)"","
"0","             ""log22 ~ log21  + log21:temp_mean + log21:Turbidity_mean + (1|reef/site)"","
"0","             ""log22 ~ log21  + log21:temp_mean + (1|reef/site)"", "
"0","             ""log22 ~ log21  + log21:Turbidity_mean + (1|reef/site)"", "
"0","             ""log22 ~ log21  + log21:ubedmean + (1|reef/site)"","
"0","             ""log22 ~ log21  + log21:depth + (1|reef/site)"","
"0","             ""log22 ~ log21  + log21:rugosity + (1|reef/site)"","
"0","             ""log22 ~ log21  + log21:temp_mean + log21:depth + log21:rugosity + (1|reef/site)"""
"0","            )"
"0",""
"0","datasets <- list(acor, atab, amil, adgt, spis, poci, pmas, plat, goni)"
