"0",""
"0","library(plyr)"
"0","library(tidyverse)"
"0","library(brms)"
"0","library(ggplot2)"
"0","library(GGally)"
"0","library(tidybayes)"
"0","library(ggthemes)"
"0","library(bayesplot)"
"0","library(rstanarm) "
"0","library(insight)"
"0","library(httr)"
"0","library(emmeans)"
"0","library(ggpubr)"
"0","library(here)"
"0",""
"0",""
"0","alldata    <- readRDS(here(""Data"", ""alldata_full.RDS"")) # Has dead/missing colonies removed and some extra growth bits"
"0","deadorgone <- readRDS(here(""Data"", ""deadorgone.RDS"")) # Full dataset including colonies that were dead or missing in Year 2 "
"0",""
