"0",""
"0",""
"0",""
"0","acoropt = brm(log22_adj ~ log21  + log21:temp_mean + (1|reef/site), "
"0",""
"0","      data= acorfull %>% "
"0","      #filter(Area_2021<2500)  %>% "
"0","      filter(Area_2021>20) %>%"
"0","        droplevels(),"
"0","      prior = c(prior(normal(0, 10), class = Intercept),"
"0","                prior(normal(1, 2), class = b),"
"0","                prior(cauchy(0, 2), class = sd)),"
"0","      iter = 5000, warmup = 2000, chains = 4, cores = 4, thin = 5,"
"0","      seed = 13, sample_prior = 'yes',"
"0","          family = gaussian, control = list(adapt_delta = 0.99))"
"2","Error: The following variables can neither be found in 'data' nor in 'data2':
'log21'
"
