"0",""
"0","# We need to set up a dataset dealing with structural recedence or colonies that disappeared between 2021 and 22, before removing them from the main dataset. "
"0","# Early on bad data should be dropped though so we will do that. We will have a secondary dataset containing:"
"0","# colonies with negative growth, colonies that experienced partial mortality, dead corals, and corals that were missing in 2022. Note that these won't "
"0","# all be mutually inclusive, since some colonies that were smaller in year two may not have been subject to partial mortality. "
"0",""
"0",""
"0","returntime <- read.csv(""returntimes.csv"") # months between samples for calculating growth rates"
"0",""
"0",""
"0",""
"0","# Obtain the key species from the rest of the dataset then amalgamate some of the species into coarser categories and rename some (Adgt = Adig)"
"0","# Also calculate approximate annual linear extension and filter out silly growth rates - default is 15cm/yr which is still too high. "
"0","# Filter out poor quality data using notes. Rename to capitalise partial mortality so it doesn't get picked up during other filters. "
"0","alldata <- alldata  %>% left_join(returntime, by = c(""Plot_ID"" = ""Plot_ID"")) %>%  filter(grepl(""Atab|Pver|Pmas|Spis|Amil|Acor|Aten|Ahum|Gspp|Plat|Pdam|Adig|Adgt|Aten|Plat"",Species))  %>% "
"0","  mutate(growth_abs_month = AreaChange/return_months,"
"0","         growth_abs_year = growth_abs_month*12,"
"0","         logchange_month = logChange/return_months,"
"0","         logChange_year = logchange_month*12,"
"0","         growthperc_month = per_change/return_months,"
"0","         growthperc_year = growthperc_month*12) %>% mutate (r2021 = sqrt(Area_2021/pi),"
"0","                                       r2022 = sqrt(Area_2022/pi),"
"0","                                       LE = r2022-r2021,"
"0","                                       MLE = LE/return_months,"
"0","                                       ALE = MLE*12) %>% filter(ALE <15) %>% filter(!grepl(""^bad"",Note_2022)) %>%"
"0","  mutate(Species = revalue(Species, c(""Adig""=""Adgt"", ""Ahum"" = ""Adgt"", ""Pver""=""Poci"",""Pdam"" = ""Poci"",""Aten"" = ""Acor"" ))) "
"0",""
"0","# Getting rid of anything with a growth rate of 0 - realistically this would only be caused by missing data or a missing colony - we don't want to "
"0","# include those since their fate is somewhat uncertain (its hard to know why they were missing.)"
"0",""
"0","# Make a secondary dataset, one with just the main taxa. This dataset is aimed at measuring structural recedence so the filter finds two things:"
"0","# colonies that were either seen to have partial OR total mortality OR were missing in 2022 (which may not be the correct approach), OR had a "
"0","# negative growth rate. So this may accidentally catch some colonies that just had some measurement error. It may be best to just have colonies that "
"0","# were marked as PM given we can't be certain. Some of the colonies that experiences partial mortality still had positive growth but they are "
"0","# included in this dataset. Point being that negative growth is attributed to partial mortality according to this dataset but the reverse is not assumed."
"0","alldata <- alldata %>% filter(growthperc_month!= 0)"
"0",""
"0","negativegrowth <- alldata %>% filter (growthperc_month< -0.1)%>% "
"0"," filter(   grepl(""Atab|Pver|Spis|Amil|Acor|Aten|Ahum|Gspp|Plat|Pdam|Adig|Adgt|Aten|Plat|Pmas"",Species)) # note this doesn't include pmas"
"0",""
"0",""
"0","# This is just the normal dataset with another name for easy remembering. It's just alldata with a column added (T or F) where colonies are either"
"0","# missing or dead. Might be worth getting rid of PM for survival analysis."
"0","# TRY INCLUDING MISSING COLONIES IN THE DEAD ONE"
"0",""
"0","deadorgone <- alldata %>% mutate(partial_mort = Area_2022 < Area_2021) %>% mutate (Species = factor(Species), habitat = factor(habitat)) %>% filter(growthperc_month!=0)"
"0",""
"0","deadorgone <- alldata %>% mutate(partial_mort = grepl(""dead|missing"", Note_2022)) %>% mutate (Species = factor(Species), habitat = factor(habitat))"
"0",""
"0","deadorgone$partial_mort <- as.integer(deadorgone$partial_mort)"
"0",""
"0",""
"0","#Get rid of 0 growth rate and dead colonies from the main dataset"
"0","alldata <- alldata %>% filter(AreaChange!=0) %>% filter(!grepl(""^dead|^missing"", Note_2022))"
"0",""
"0",""
"0","# Just some summaries for the main species. There might be some duplicated filters that aren't needed. "
"0","datasummary <- alldata %>% filter(Note_2022!= ""^dead"") %>% filter(Note_2022 !=""|missing"") %>%  mutate(Species = factor(Species)) %>%"
"0","  group_by(Species,region, habitat) %>% dplyr::summarise(n=n(), "
"0","                                   area21 = sum(Area_2021), "
"0","                                   mean21 = mean(Area_2021),"
"0","                                   min21=min(Area_2021), "
"0","                                   max21 = max(Area_2021), "
"0","                                   median21 = median(Area_2021),"
"0","                                   area22 = sum(Area_2022), "
"0","                                   mean22 = mean(Area_2022),"
"0","                                   min22=min(Area_2022), "
"0","                                   max22 = max(Area_2022), "
"0","                                   median22 = median(Area_2022),"
"0","                                   growth_abs_month = mean(growth_abs_month),"
"0","         growth_abs_year = mean(growth_abs_year),"
"0","         logchange_month = mean(logchange_month),"
"0","         logChange_year = mean(logChange_year),"
"0","         growthperc_month = mean(growthperc_month),"
"0","         growthperc_year = mean(growthperc_year)) "
"2","`summarise()` has grouped output by 'Species', 'region'. You can override using the `.groups` argument."
"0","                                   "
"0",""
"0","mortsummary <- deadorgone %>% mutate(Species = factor(Species)) %>%"
"0","  group_by(partial_mort ) %>% dplyr::summarise(n = n())"
"0",""
"0","deadorgone2 <- deadorgone %>% mutate(Species = revalue(Species, c(""Adgt"" = ""ThickBranch"", ""Poci"" = ""ThickBranch"", ""Spis"" = ""ThickBranch"", ""Acor""=""FineBranch"", ""Amil"" = ""FineBranch"", ""Atab"" = ""FineBranch"", ""Pmas"" = ""Massive"", ""Gspp"" = ""Massive"", ""Plat"" = ""Massive""))) %>% mutate(Species = factor(Species))"
"0",""
"0","mortsummary2 <- deadorgone2 %>% mutate(Species = factor(Species)) %>%"
"0","  group_by(Species, partial_mort ) %>% dplyr::summarise(n = n())"
"2","`summarise()` has grouped output by 'Species'. You can override using the `.groups` argument."
"0","saveRDS(deadorgone, file = ""deadorgone.RDS"")"
"0",""
"0",""
