"0",""
"0",""
"0",""
"0","alldata2 <- alldata %>% filter(!is.na(ubedmean)) %>% filter(!is.na(temp_mean)) %>% filter(!is.na(hard_coral_21)) %>% filter(!is.na(Turbidity_mean)) %>% filter(!is.na(rugosity)) %>% filter(!is.na(depth)) %>% as.data.frame() # Ensuring all datasets are the same length so they can be compared"
"0",""
"0",""
"0","alldata <- alldata %>% mutate (monthlygrowth = ((Area_2022-Area_2021)/return_months), "
"0","                               yearlygrowth = monthlygrowth*12, #Adjustment to calculate growth rates over 12 months"
"0","                               Area_2022_adjusted = Area_2021 + yearlygrowth, "
"0","                               log22 = log(Area_2022, base=exp(1)),"
"0","                               log21 = log(Area_2021, base=exp(1))) %>%"
"0","  filter(Area_2022_adjusted >= 0) %>% mutate (log22_adj = log(Area_2022, base = exp(1))) #natural log transform of size at year 2"
"0",""
"0","alldata2 <- alldata2 %>% mutate (monthlygrowth = ((Area_2022-Area_2021)/return_months), "
"0","                               yearlygrowth = monthlygrowth*12, #Adjustment to calculate growth rates over 12 months"
"0","                               Area_2022_adjusted = Area_2021 + yearlygrowth, "
"0","                               log22 = log(Area_2022, base=exp(1)),"
"0","                               log21 = log(Area_2021, base=exp(1))) %>%"
"0","  filter(Area_2022_adjusted >= 0) %>% mutate (log22_adj = log(Area_2022, base = exp(1))) #natural log transform of size at year 2"
"0",""
"0",""
"0",""
"0",""
"0",""
"0",""
"0","acor <- alldata2 %>% filter(Species == ""Acor"") "
"0","atab <- alldata2 %>% filter(Species == ""Atab"") "
"0","amil <- alldata2 %>% filter(Species == ""Amil"") "
"0","pmas <- alldata2 %>% filter(Species == ""Pmas"")"
"0","goni <- alldata2 %>% filter(Species == ""Gspp"") "
"0","plat <- alldata2 %>% filter(Species == ""Plat"") "
"0","adgt <- alldata2 %>% filter(Species == ""Adgt"") "
"0","poci <- alldata2 %>% filter(Species == ""Poci"") "
"0","spis <- alldata2 %>% filter(Species == ""Spis"") "
"0",""
"0","# Full datasets in each case for final models"
"0",""
"0","acorfull <- alldata %>% filter(Species == ""Acor"") "
"0","atabfull <- alldata %>% filter(Species == ""Atab"") "
"0","amilfull <- alldata %>% filter(Species == ""Amil"") "
"0","pmasfull <- alldata %>% filter(Species == ""Pmas"")"
"0","gonifull <- alldata %>% filter(Species == ""Gspp"") "
"0","platfull <- alldata %>% filter(Species == ""Plat"") "
"0","adgtfull <- alldata %>% filter(Species == ""Adgt"") "
"0","pocifull <- alldata %>% filter(Species == ""Poci"") "
"0","spisfull <- alldata %>% filter(Species == ""Spis"") "
"0",""
"0",""
"0",""
"0",""
